[{
    "id": 1,
    "name": "Abatz",
    "price": 56,
    "email": "amallindine0@apache.org",
    "phone": "304-641-9237"
  }, {
    "id": 2,
    "name": "Tazz",
    "price": 76,
    "email": "dcovotto1@booking.com",
    "phone": "777-741-8759"
  }, {
    "id": 3,
    "name": "Yakidoo",
    "price": 92,
    "email": "sdallin2@mit.edu",
    "phone": "282-328-5925"
  }, {
    "id": 4,
    "name": "Thoughtbridge",
    "price": 52,
    "email": "fhamblington3@wikispaces.com",
    "phone": "443-421-0976"
  }, {
    "id": 5,
    "name": "Bubbletube",
    "price": 89,
    "email": "dpoltun4@fda.gov",
    "phone": "788-864-0135"
  }, {
    "id": 6,
    "name": "Realbuzz",
    "price": 81,
    "email": "aacutt5@wikispaces.com",
    "phone": "580-266-5776"
  }, {
    "id": 7,
    "name": "Skyndu",
    "price": 72,
    "email": "azottoli6@wikia.com",
    "phone": "303-576-9943"
  }, {
    "id": 8,
    "name": "Edgeify",
    "price": 94,
    "email": "prodmell7@patch.com",
    "phone": "615-325-5582"
  }, {
    "id": 9,
    "name": "Dynazzy",
    "price": 85,
    "email": "jredgrove8@virginia.edu",
    "phone": "202-276-6239"
  }, {
    "id": 10,
    "name": "Reallinks",
    "price": 73,
    "email": "jproom9@tinypic.com",
    "phone": "128-821-6520"
  }, {
    "id": 11,
    "name": "Gabvine",
    "price": 86,
    "email": "vstanwixa@posterous.com",
    "phone": "822-479-2734"
  }, {
    "id": 12,
    "name": "Dynazzy",
    "price": 56,
    "email": "aorletonb@deviantart.com",
    "phone": "196-740-0394"
  }, {
    "id": 13,
    "name": "Reallinks",
    "price": 80,
    "email": "dtuec@networksolutions.com",
    "phone": "906-809-9760"
  }, {
    "id": 14,
    "name": "Blognation",
    "price": 97,
    "email": "lcunnahd@buzzfeed.com",
    "phone": "226-439-3756"
  }, {
    "id": 15,
    "name": "Jaxbean",
    "price": 96,
    "email": "zruppelee@flickr.com",
    "phone": "513-360-8395"
  }, {
    "id": 16,
    "name": "Zoombeat",
    "price": 84,
    "email": "rgeverf@uiuc.edu",
    "phone": "446-637-2576"
  }, {
    "id": 17,
    "name": "Quaxo",
    "price": 56,
    "email": "rdadgeg@cornell.edu",
    "phone": "687-637-9894"
  }, {
    "id": 18,
    "name": "Browsedrive",
    "price": 68,
    "email": "dthorneyworkh@sourceforge.net",
    "phone": "947-486-3531"
  }, {
    "id": 19,
    "name": "Jaloo",
    "price": 58,
    "email": "frobathami@taobao.com",
    "phone": "728-752-7587"
  }, {
    "id": 20,
    "name": "Twitterbeat",
    "price": 91,
    "email": "wrulfj@infoseek.co.jp",
    "phone": "942-355-2692"
  }]