[{"id":1,"name":"Lebsack LLC","description":"Quisque porta volutpat erat. Quisque erat eros, viverra eget, congue eget, semper rutrum, nulla. Nunc purus.","price":91,"phone":"357-972-8221"},
{"id":2,"name":"Harris, Heidenreich and Bashirian","description":"Phasellus in felis. Donec semper sapien a libero. Nam dui.","price":47,"phone":"243-117-0557"},
{"id":3,"name":"Bahringer and Sons","description":"Phasellus sit amet erat. Nulla tempus. Vivamus in felis eu sapien cursus vestibulum.","price":92,"phone":"856-651-1634"},
{"id":4,"name":"Baumbach and Sons","description":"Proin leo odio, porttitor id, consequat in, consequat ut, nulla. Sed accumsan felis. Ut at dolor quis odio consequat varius.","price":58,"phone":"148-855-7425"},
{"id":5,"name":"Rodriguez Inc","description":"Curabitur in libero ut massa volutpat convallis. Morbi odio odio, elementum eu, interdum eu, tincidunt in, leo. Maecenas pulvinar lobortis est.","price":50,"phone":"603-839-7786"},
{"id":6,"name":"MacGyver, Brakus and Mraz","description":"Quisque id justo sit amet sapien dignissim vestibulum. Vestibulum ante ipsum primis in faucibus orci luctus et ultrices posuere cubilia Curae; Nulla dapibus dolor vel est. Donec odio justo, sollicitudin ut, suscipit a, feugiat et, eros.","price":48,"phone":"723-619-9006"},
{"id":7,"name":"Auer-Deckow","description":"Cras mi pede, malesuada in, imperdiet et, commodo vulputate, justo. In blandit ultrices enim. Lorem ipsum dolor sit amet, consectetuer adipiscing elit.","price":54,"phone":"449-499-2123"},
{"id":8,"name":"Schneider Inc","description":"Mauris enim leo, rhoncus sed, vestibulum sit amet, cursus id, turpis. Integer aliquet, massa id lobortis convallis, tortor risus dapibus augue, vel accumsan tellus nisi eu orci. Mauris lacinia sapien quis libero.","price":89,"phone":"624-672-7245"},
{"id":9,"name":"Shanahan Inc","description":"In sagittis dui vel nisl. Duis ac nibh. Fusce lacus purus, aliquet at, feugiat non, pretium quis, lectus.","price":39,"phone":"676-822-5081"},
{"id":10,"name":"Weber Group","description":"Praesent blandit. Nam nulla. Integer pede justo, lacinia eget, tincidunt eget, tempus vel, pede.","price":96,"phone":"838-198-3393"},
{"id":11,"name":"Koch-Prosacco","description":"Lorem ipsum dolor sit amet, consectetuer adipiscing elit. Proin risus. Praesent lectus.","price":88,"phone":"750-362-8584"},
{"id":12,"name":"O'Kon Inc","description":"Praesent blandit. Nam nulla. Integer pede justo, lacinia eget, tincidunt eget, tempus vel, pede.","price":91,"phone":"902-288-9647"},
{"id":13,"name":"Hickle, MacGyver and Kuvalis","description":"Curabitur in libero ut massa volutpat convallis. Morbi odio odio, elementum eu, interdum eu, tincidunt in, leo. Maecenas pulvinar lobortis est.","price":50,"phone":"106-544-9408"},
{"id":14,"name":"Brown Group","description":"In hac habitasse platea dictumst. Etiam faucibus cursus urna. Ut tellus.","price":54,"phone":"285-319-4694"},
{"id":15,"name":"Luettgen, Moen and Rippin","description":"Maecenas leo odio, condimentum id, luctus nec, molestie sed, justo. Pellentesque viverra pede ac diam. Cras pellentesque volutpat dui.","price":61,"phone":"316-890-5893"},
{"id":16,"name":"Greenfelder Inc","description":"Mauris enim leo, rhoncus sed, vestibulum sit amet, cursus id, turpis. Integer aliquet, massa id lobortis convallis, tortor risus dapibus augue, vel accumsan tellus nisi eu orci. Mauris lacinia sapien quis libero.","price":35,"phone":"716-182-6027"},
{"id":17,"name":"Stokes-Gerhold","description":"Praesent blandit. Nam nulla. Integer pede justo, lacinia eget, tincidunt eget, tempus vel, pede.","price":67,"phone":"254-204-7145"},
{"id":18,"name":"Bechtelar LLC","description":"Suspendisse potenti. In eleifend quam a odio. In hac habitasse platea dictumst.","price":41,"phone":"638-114-6349"},
{"id":19,"name":"O'Connell LLC","description":"Curabitur gravida nisi at nibh. In hac habitasse platea dictumst. Aliquam augue quam, sollicitudin vitae, consectetuer eget, rutrum at, lorem.","price":37,"phone":"654-204-0545"},
{"id":20,"name":"Bauch Group","description":"Fusce consequat. Nulla nisl. Nunc nisl.","price":54,"phone":"502-608-0163"}]